SM,,,,,
"August 18, 2026",,,,,
6:00 AM - 8:00 AM,,,,,
Time,Jeepney Route ,Stopped,Passengers ,Fullness,Waiting
Time Interval,Jeepney Route,Stopped (Y/N),Boarding Passengers,Fullness,Waiting Passengers
6:00 – 6:15 AM,TAHAO ROAD,Y,4,F,22
,TAHAO ROAD,N,0,E,
,RAWIS A,Y,2,P,
,TAHAO ROAD,Y,5,F,
,DIRETSO,Y,3,P,
,POLANGUI,N,0,E,
,MALABOG,Y,1,P,
,RAWIS A,Y,2,P,
,TAHAO ROAD,Y,4,P,
6:15 – 6:30 AM,TAHAO ROAD,Y,5,P,27
,DIRETSO,Y,2,P,
,POLANGUI,Y,3,P,
,TAHAO ROAD,Y,4,E,
,MALABOG,Y,2,P,
,TAHAO ROAD,N,0,F,
,DIRETSO,Y,3,P,
,RAWIS A,Y,3,P,
,TAHAO ROAD,Y,5,P,
6:30 – 6:45 AM,TAHAO ROAD,Y,6,P,32
,TAHAO ROAD,Y,5,E,
,RAWIS A,Y,4,P,
,DIRETSO,Y,3,P,
,MALABOG,Y,2,P,
,TAHAO ROAD,N,0,F,
,POLANGUI,Y,1,P,
,TAHAO ROAD,Y,4,P,
,RAWIS B,Y,2,P,
6:45 – 7:00 AM,TAHAO ROAD,Y,7,P,38
,TAHAO ROAD,Y,6,E,
,DIRETSO,Y,3,P,
,RAWIS A,Y,3,P,
,TAHAO ROAD,N,0,F,
,MALABOG,Y,2,P,
,POLANGUI,Y,2,P,
,TAHAO ROAD,Y,5,P,
,RAWIS B,Y,3,P,
,OAS,Y,1,P,
7:00 – 7:15 AM,TAHAO ROAD,Y,8,P,26
,RAWIS B,Y,6,E,
,TAHAO ROAD,Y,7,P,
,POLANGUI,Y,2,P,
,TAHAO ROAD,N,0,F,
,DIRETSO,Y,2,P,
,MALABOG,Y,3,P,
,TAHAO ROAD,Y,5,P,
,RAWIS A,Y,2,P,
7:15 – 7:30 AM,TAHAO ROAD,Y,7,P,15
,POLANGUI,Y,3,P,
,TAHAO ROAD,N,0,F,
,RAWIS B,Y,4,P,
,TAHAO ROAD,Y,5,E,
,DIRETSO,Y,2,P,
,MALABOG,Y,1,P,
,TAHAO ROAD,Y,4,P,
7:30 – 7:45 AM,TAHAO ROAD,Y,6,E,19
,RAWIS A,Y,4,P,
,TABACO,Y,2,F,
,MALABOG,Y,2,P,
,TAHAO ROAD,Y,5,E,
,OAS,Y,2,P,
,TAHAO ROAD,N,0,F,
,POLANGUI,Y,1,F,
,TAHAO ROAD,Y,3,P,
7:45 – 8:00 AM,TAHAO ROAD,Y,5,P,11
,TAHAO ROAD,Y,4,P,
,DIRETSO,N,0,F,
,RAWIS A,Y,1,P,
,MALABOG,Y,1,P,
,TAHAO ROAD,Y,3,P,
,RAWIS B,Y,1,P,
,,,,,
SM,,,,,
"August 18, 2026",,,,,
11:00 AM - 1:00 PM,,,,,
Time,Jeepney Route ,Stopped,Passengers ,Fullness,Waiting
Time Interval,Jeepney Route,Stopped (Y/N),Boarding Passengers,Fullness,Waiting Passengers
11:00 – 11:15 AM,TAHAO ROAD,Y,5,P,21
,TAHAO ROAD,Y,4,P,
,DIRETSO,Y,3,P,
,RAWIS A,Y,2,P,
,TAHAO ROAD,N,0,F,
,MALABOG,Y,2,P,
,POLANGUI,Y,1,P,
,TAHAO ROAD,Y,3,E,
,RAWIS B,Y,2,P,
11:15 – 11:30 AM,TAHAO ROAD,Y,8,E,30
,TAHAO ROAD,Y,7,E,
,DIRETSO,Y,2,P,
,TAHAO ROAD,N,0,F,
,RAWIS A,Y,3,P,
,MALABOG,Y,2,P,
,RAWIS B,Y,2,P,
,TAHAO ROAD,Y,5,P,
,POLANGUI,Y,2,P,
11:30 – 11:45 AM,TAHAO ROAD,Y,11,E,38
,TAHAO ROAD,Y,9,E,
,RAWIS A,Y,4,P,
,TAHAO ROAD,N,0,F,
,DIRETSO,Y,3,P,
,OAS,Y,2,P,
,TAHAO ROAD,Y,6,E,
,MALABOG,Y,2,P,
,POLANGUI,Y,2,P,
11:45 – 12:00 PM,TAHAO ROAD,Y,12,E,45
,TAHAO ROAD,Y,10,E,
,DIRETSO,Y,5,P,
,TAHAO ROAD,N,0,F,
,RAWIS A,Y,3,P,
,POLANGUI,Y,3,P,
,TAHAO ROAD,Y,8,E,
,RAWIS B,Y,2,P,
,TABACO,Y,2,P,
12:00 – 12:15 PM,TAHAO ROAD,Y,14,E,51
,TAHAO ROAD,Y,12,E,
,RAWIS A,Y,5,P,
,TAHAO ROAD,Y,9,E,
,DIRETSO,Y,4,P,
,TAHAO ROAD,N,0,F,
,OAS,Y,2,P,
,MALABOG,Y,3,P,
,RAWIS B,Y,2,P,
,POLANGUI,Y,2,P,
12:15 – 12:30 PM,TAHAO ROAD,Y,10,E,33
,TAHAO ROAD,Y,8,E,
,DIRETSO,Y,3,P,
,TAHAO ROAD,Y,6,P,
,POLANGUI,Y,2,P,
,MALABOG,Y,2,P,
,RAWIS B,Y,2,P,
,TAHAO ROAD,N,0,F,
12:30 – 12:45 PM,TAHAO ROAD,Y,6,P,18
,TAHAO ROAD,Y,5,P,
,RAWIS A,Y,2,P,
,DIRETSO,Y,2,P,
,TAHAO ROAD,N,0,E,
,MALABOG,Y,1,P,
,RAWIS B,Y,1,P,
12:45 – 1:00 PM,TAHAO ROAD,Y,3,P,10
,TAHAO ROAD,Y,3,P,
,DIRETSO,Y,1,P,
,RAWIS A,Y,1,P,
,TAHAO ROAD,Y,2,P,
,,,,,
SM,,,,,
"August 18, 2026",,,,,
4:00 PM - 6:00 PM,,,,,
Time,Jeepney Route ,Stopped,Passengers ,Fullness,Waiting
Time Interval,Jeepney Route,Stopped (Y/N),Boarding Passengers,Fullness,Waiting Passengers
4:00 – 4:15 PM,TAHAO ROAD,Y,7,P,25
,TAHAO ROAD,Y,6,P,
,DIRETSO,Y,3,P,
,RAWIS A,Y,2,P,
,TAHAO ROAD,Y,5,E,
,TAHAO ROAD,N,0,F,
,MALABOG,Y,2,P,
,RAWIS B,Y,2,P,
,POLANGUI,Y,1,P,
4:15 – 4:30 PM,TAHAO ROAD,Y,9,E,35
,TAHAO ROAD,Y,7,E,
,DIRETSO,Y,4,P,
,TAHAO ROAD,N,0,F,
,RAWIS A,Y,3,P,
,MALABOG,Y,2,P,
,POLANGUI,Y,2,P,
,TAHAO ROAD,Y,6,P,
,RAWIS B,Y,2,P,
4:30 – 4:45 PM,TAHAO ROAD,Y,11,E,48
,TAHAO ROAD,Y,10,E,
,DIRETSO,Y,5,P,
,TAHAO ROAD,Y,8,F,
,RAWIS A,Y,4,P,
,TAHAO ROAD,N,0,F,
,OAS,Y,2,P,
,MALABOG,Y,2,P,
,POLANGUI,Y,3,P,
,RAWIS B,Y,2,P,
4:45 – 5:00 PM,TAHAO ROAD,Y,15,E,62
,TAHAO ROAD,Y,13,E,
,DIRETSO,Y,6,P,
,TAHAO ROAD,N,0,F,
,RAWIS A,Y,5,P,
,TAHAO ROAD,Y,10,E,
,POLANGUI,Y,14,P,
,MALABOG,Y,13,P,
,TABACO,Y,3,P,
,RAWIS B,Y,2,P,
5:00 – 5:15 PM,TAHAO ROAD,Y,18,E,71
,TAHAO ROAD,Y,15,E,
,DIRETSO,Y,8,P,
,TAHAO ROAD,Y,12,E,
,RAWIS A,Y,4,F,
,TAHAO ROAD,N,0,F,
,MALABOG,Y,3,P,
,POLANGUI,Y,15,P,
,OAS,Y,12,P,
,RAWIS B,Y,3,P,
5:15 – 5:30 PM,TAHAO ROAD,Y,14,E,54
,TAHAO ROAD,Y,11,E,
,DIRETSO,Y,6,P,
,TAHAO ROAD,Y,9,E,
,RAWIS A,Y,3,P,
,TAHAO ROAD,N,0,F,
,POLANGUI,Y,14,P,
,MALABOG,Y,2,P,
,RAWIS B,Y,3,P,
5:30 – 5:45 PM,TAHAO ROAD,Y,9,E,29
,TAHAO ROAD,Y,8,E,
,DIRETSO,Y,3,P,
,TAHAO ROAD,Y,6,P,
,RAWIS A,Y,2,P,
,POLANGUI,Y,11,P,
,TAHAO ROAD,N,0,F,
,MALABOG,Y,1,P,
,RAWIS B,Y,1,P,
5:45 – 6:00 PM,TAHAO ROAD,Y,5,P,14
,TAHAO ROAD,Y,4,P,
,DIRETSO,Y,2,P,
,RAWIS A,N,,P,
,TAHAO ROAD,Y,3,P,
,CAMALIG,Y,10,P,
,POLANGUI,Y,12,E,
,TAHAO ROAD,N,,P,
,GUINOBATAN,Y,9,P,
