EMBARCDERO,,,,,
"August 17, 2026",,,,,
6:00 AM - 8:00 AM,,,,,
Time,Jeepney Route ,Stopped,Passengers ,Fullness,Waiting
6:00 – 6:15 AM,POLANGUI,Y,2,P,2
,RAWIS A,Y,0,P,
,CAMALIG,Y,6,P,
,CAMALIG,N,0,P,
,RAWIS B,Y,1,P,
,OAS,Y,3,P,
,RAWIS A,N,0,E,
,CAMALIG,Y,4,P,
,GUINOBATAN,N,0,P,
,POLANGUI,Y,3,P,
,CAMALIG,Y,5,P,
,POLANGUI,Y,2,P,
,RAWIS A,Y,1,P,
6:15 – 6:30 AM,CAMALIG,Y,5,P,2
,RAWIS A,Y,1,P,
,POLANGUI,N,0,P,
,RAWIS B,Y,0,P,
,TAHAO ROAD,Y,2,E,
,CAMALIG,Y,7,P,
,LIGAO,N,0,F,
,RAWIS A,Y,0,P,
,POLANGUI,Y,2,P,
,CAMALIG,Y,1,E,
,GUINOBATAN,Y,3,P,
,CAMALIG,Y,6,P,
,POLANGUI,Y,2,P,
,RAWIS A,Y,0,P,
6:30 – 6:45 AM,CAMALIG,Y,8,P,4
,RAWIS A,Y,2,P,
,GUINOBATAN,Y,3,E,
,POLANGUI,N,0,P,
,RAWIS B,Y,1,P,
,CAMALIG,Y,5,E,
,TAHAO ROAD,N,0,P,
,OAS,Y,2,P,
,RAWIS A,Y,0,F,
,LIGAO,Y,1,P,
,POLANGUI,Y,4,P,
,CAMALIG,Y,6,P,
,CAMALIG,Y,7,E,
,POLANGUI,Y,3,P,
,RAWIS A,Y,1,P,
6:45 – 7:00 AM,CAMALIG,Y,12,E,3
,POLANGUI,Y,3,P,
,RAWIS A,Y,2,P,
,GUINOBATAN,N,0,E,
,CAMALIG,Y,8,P,
,RAWIS B,Y,1,P,
,TAHAO ROAD,N,0,P,
,POLANGUI,Y,5,P,
,RAWIS A,Y,0,F,
,CAMALIG,Y,4,E,
,CAMALIG,Y,9,P,
,POLANGUI,Y,4,P,
,RAWIS A,Y,1,P,
7:00 – 7:15 AM,CAMALIG,Y,11,P,3
,POLANGUI,Y,6,P,
,RAWIS A,Y,3,P,
,GUINOBATAN,Y,2,E,
,CAMALIG,Y,10,E,
,POLANGUI,N,0,F,
,RAWIS B,Y,1,P,
,RAWIS A,Y,0,P,
,POLANGUI,Y,4,P,
,TAHAO ROAD,N,0,P,
,CAMALIG,Y,7,E,
,CAMALIG,Y,8,P,
,POLANGUI,Y,5,P,
,RAWIS A,Y,2,P,
7:15 – 7:30 AM,CAMALIG,Y,12,E,2
,RAWIS A,Y,1,P,
,POLANGUI,Y,5,P,
,GUINOBATAN,N,0,P,
,RAWIS B,Y,2,P,
,CAMALIG,Y,8,P,
,POLANGUI,Y,4,E,
,TAHAO ROAD,Y,1,P,
,CAMALIG,Y,9,P,
,POLANGUI,Y,3,P,
7:30 – 7:45 AM,CAMALIG,Y,6,E,4
,POLANGUI,Y,4,P,
,RAWIS A,Y,2,P,
,GUINOBATAN,N,0,P,
,CAMALIG,Y,8,E,
,RAWIS B,Y,1,P,
,OAS,Y,3,P,
,POLANGUI,Y,2,P,
,CAMALIG,Y,7,P,
,RAWIS A,Y,1,P,
7:45 – 8:00 AM,CAMALIG,Y,7,P,3
,RAWIS A,Y,2,P,
,POLANGUI,Y,3,P,
,GUINOBATAN,N,0,F,
,CAMALIG,Y,4,E,
,RAWIS B,Y,1,P,
,OAS,Y,2,P,
,CAMALIG,Y,5,P,
,POLANGUI,Y,2,P,
,,,,,
EMBARCDERO,,,,,
"August 17, 2026",,,,,
11:00 AM - 1:00 PM,,,,,
Time,Jeepney Route ,Stopped,Passengers ,Fullness,Waiting
11:00 – 11:15 AM,CAMALIG,Y,7,P,2
,POLANGUI,Y,4,P,
,RAWIS A,Y,1,P,
,OAS,Y,2,P,
,CAMALIG,Y,6,E,
,GUINOBATAN,N,0,P,
,RAWIS B,Y,1,P,
,LIGAO,Y,3,P,
,CAMALIG,Y,5,P,
,POLANGUI,Y,3,P,
11:15 – 11:30 AM,CAMALIG,Y,6,P,6
,RAWIS A,Y,2,F,
,LIGAO,Y,3,P,
,POLANGUI,Y,5,P,
,OAS,N,0,F,
,CAMALIG,Y,4,E,
,RAWIS B,Y,1,P,
,CAMALIG,Y,5,P,
,RAWIS A,Y,1,P,
11:30 – 11:45 AM,CAMALIG,Y,7,P,3
,RAWIS A,Y,3,F,
,POLANGUI,Y,6,P,
,GUINOBATAN,Y,2,P,
,OAS,Y,1,E,
,LIGAO,N,0,P,
,RAWIS B,Y,1,P,
,CAMALIG,Y,5,E,
,CAMALIG,Y,6,P,
,POLANGUI,Y,4,P,
11:45 – 12:00 PM,POLANGUI,Y,8,P,11
,CAMALIG,Y,6,E,
,RAWIS A,Y,4,P,
,OAS,Y,3,P,
,GUINOBATAN,Y,2,E,
,TAHAO ROAD,Y,1,F,
,LIGAO,Y,3,P,
,RAWIS B,Y,1,P,
,CAMALIG,Y,7,P,
,POLANGUI,Y,5,P,
12:00 – 12:15 PM,POLANGUI,Y,7,P,15
,CAMALIG,Y,5,P,
,RAWIS A,Y,3,E,
,OAS,Y,2,F,
,LIGAO,Y,4,P,
,TAHAO ROAD,Y,2,E,
,GUINOBATAN,N,0,F,
,CAMALIG,Y,6,P,
,POLANGUI,Y,4,P,
12:15 – 12:30 PM,CAMALIG,Y,6,P,9
,POLANGUI,Y,5,E,
,RAWIS A,Y,3,P,
,MALABOG,Y,2,P,
,GUINOBATAN,Y,1,F,
,OAS,Y,2,F,
,RAWIS B,N,0,P,
,CAMALIG,Y,5,P,
,RAWIS A,Y,2,P,
12:30 – 12:45 PM,CAMALIG,Y,5,P,5
,POLANGUI,Y,4,P,
,RAWIS A,Y,2,P,
,GUINOBATAN,N,0,P,
,LIGAO,Y,1,P,
,OAS,Y,2,F,
,CAMALIG,Y,4,P,
,POLANGUI,Y,3,P,
12:45 – 1:00 PM,CAMALIG,Y,4,P,3
,RAWIS A,Y,2,P,
,POLANGUI,Y,3,P,
,GUINOBATAN,N,0,P,
,RAWIS B,Y,1,P,
,CAMALIG,Y,3,P,
,RAWIS A,Y,1,P,
,,,,,
EMBARCDERO,,,,,
"August 17, 2026",,,,,
4:00 PM - 6:00 PM,,,,,
Time,Jeepney Route ,Stopped,Passengers ,Fullness,Waiting
4:00 – 4:15 PM,CAMALIG,Y,9,P,10
,POLANGUI,Y,7,P,
,RAWIS A,Y,4,P,
,GUINOBATAN,Y,3,E,
,OAS,Y,2,F,
,LIGAO,Y,5,P,
,CAMALIG,Y,8,P,
,POLANGUI,Y,6,P,
4:15 – 4:30 PM,POLANGUI,Y,11,P,16
,CAMALIG,Y,10,P,
,RAWIS A,Y,5,P,
,GUINOBATAN,Y,4,F,
,OAS,Y,3,F,
,RAWIS B,Y,2,P,
,LIGAO,N,0,F,
,CAMALIG,Y,9,P,
,POLANGUI,Y,8,P,
,RAWIS A,Y,3,P,
4:30 – 4:45 PM,CAMALIG,Y,14,E,25
,POLANGUI,Y,12,P,
,RAWIS A,Y,6,F,
,GUINOBATAN,Y,5,P,
,OAS,Y,4,F,
,LIGAO,Y,6,P,
,CAMALIG,Y,12,E,
,POLANGUI,Y,10,P,
,RAWIS A,Y,4,P,
4:45 – 5:00 PM,CAMALIG,Y,16,E,33
,POLANGUI,Y,15,F,
,RAWIS A,Y,7,F,
,GUINOBATAN,Y,6,P,
,OAS,Y,5,F,
,LIGAO,Y,4,P,
,CAMALIG,Y,13,E,
,POLANGUI,Y,11,F,
,RAWIS A,Y,5,P,
5:00 – 5:15 PM,POLANGUI,Y,18,E,38
,CAMALIG,Y,16,E,
,RAWIS A,Y,8,F,
,GUINOBATAN,Y,6,P,
,OAS,Y,5,F,
,LIGAO,Y,3,P,
,CAMALIG,Y,14,E,
,POLANGUI,Y,12,P,
,RAWIS A,Y,6,F,
5:15 – 5:30 PM,CAMALIG,Y,14,E,34
,POLANGUI,Y,12,P,
,RAWIS A,Y,6,F,
,GUINOBATAN,Y,5,P,
,OAS,Y,4,F,
,LIGAO,Y,3,P,
,CAMALIG,Y,11,P,
,POLANGUI,Y,10,P,
,RAWIS A,Y,4,P,
5:30 – 5:45 PM,CAMALIG,Y,10,P,20
,POLANGUI,Y,8,P,
,RAWIS A,Y,5,P,
,GUINOBATAN,Y,4,P,
,OAS,Y,2,F,
,LIGAO,Y,2,P,
,CAMALIG,Y,8,P,
,POLANGUI,Y,6,P,
5:45 – 6:00 PM,CAMALIG,Y,7,P,12
,POLANGUI,Y,6,P,
,RAWIS A,Y,3,P,
,GUINOBATAN,Y,2,P,
,OAS,Y,1,P,
,RAWIS B,Y,2,P,
,CAMALIG,Y,5,P,
,POLANGUI,Y,4,P,
